date,un_region,who_region,country,iso_code,cases_new,cases_total,deaths_new,deaths_total,recovered_new,recovered_total,hosp_new,hosp_total,tested_new,tested_total
2021-02-02,Asia,SEARO,India,IN,8635,10766245,94,154486,NA,NA,NA,NA,NA,NA
2021-02-03,Asia,SEARO,India,IN,11039,10777284,110,154596,NA,NA,NA,NA,NA,NA
2021-02-04,Asia,SEARO,India,IN,12899,10790183,107,154703,NA,NA,NA,NA,NA,NA
2021-02-05,Asia,SEARO,India,IN,12408,10802591,120,154823,NA,NA,NA,NA,NA,NA
2021-02-06,Asia,SEARO,India,IN,11713,10814304,95,154918,NA,NA,NA,NA,NA,NA
2021-02-07,Asia,SEARO,India,IN,12059,10826363,78,154996,NA,NA,NA,NA,NA,NA
2021-02-08,Asia,SEARO,India,IN,11831,10838194,84,155080,NA,NA,NA,NA,NA,NA
2021-02-09,Asia,SEARO,India,IN,9110,10847304,78,155158,NA,NA,NA,NA,NA,NA
2021-02-10,Asia,SEARO,India,IN,11067,10858371,94,155252,NA,NA,NA,NA,NA,NA
2021-02-11,Asia,SEARO,India,IN,12923,10871294,108,155360,NA,NA,NA,NA,NA,NA
2021-02-12,Asia,SEARO,India,IN,9309,10880603,87,155447,NA,NA,NA,NA,NA,NA
2021-02-13,Asia,SEARO,India,IN,12143,10892746,103,155550,NA,NA,NA,NA,NA,NA
2021-02-14,Asia,SEARO,India,IN,12194,10904940,92,155642,NA,NA,NA,NA,NA,NA
2021-02-15,Asia,SEARO,India,IN,11649,10916589,90,155732,NA,NA,NA,NA,NA,NA
2021-02-16,Asia,SEARO,India,IN,9121,10925710,81,155813,NA,NA,NA,NA,NA,NA
2021-02-17,Asia,SEARO,India,IN,11610,10937320,100,155913,NA,NA,NA,NA,NA,NA
2021-02-18,Asia,SEARO,India,IN,12881,10950201,101,156014,NA,NA,NA,NA,NA,NA
2021-02-19,Asia,SEARO,India,IN,13193,10963394,97,156111,NA,NA,NA,NA,NA,NA
2021-02-20,Asia,SEARO,India,IN,13993,10977387,101,156212,NA,NA,NA,NA,NA,NA
2021-02-21,Asia,SEARO,India,IN,14264,10991651,90,156302,NA,NA,NA,NA,NA,NA
2021-02-22,Asia,SEARO,India,IN,14199,11005850,83,156385,NA,NA,NA,NA,NA,NA
2021-02-23,Asia,SEARO,India,IN,10584,11016434,78,156463,NA,NA,NA,NA,NA,NA
2021-02-24,Asia,SEARO,India,IN,13742,11030176,104,156567,NA,NA,NA,NA,NA,NA
2021-02-25,Asia,SEARO,India,IN,16738,11046914,138,156705,NA,NA,NA,NA,NA,NA
2021-02-26,Asia,SEARO,India,IN,16577,11063491,120,156825,NA,NA,NA,NA,NA,NA
2021-02-27,Asia,SEARO,India,IN,16488,11079979,113,156938,NA,NA,NA,NA,NA,NA
2021-02-28,Asia,SEARO,India,IN,16752,11096731,113,157051,NA,NA,NA,NA,NA,NA
2021-03-01,Asia,SEARO,India,IN,15510,11112241,106,157157,NA,NA,NA,NA,NA,NA
2021-03-02,Asia,SEARO,India,IN,12286,11124527,91,157248,NA,NA,NA,NA,NA,NA
2021-03-03,Asia,SEARO,India,IN,14989,11139516,98,157346,NA,NA,NA,NA,NA,NA
2021-03-04,Asia,SEARO,India,IN,17407,11156923,89,157435,NA,NA,NA,NA,NA,NA
2021-03-05,Asia,SEARO,India,IN,16838,11173761,113,157548,NA,NA,NA,NA,NA,NA
2021-03-06,Asia,SEARO,India,IN,18327,11192088,108,157656,NA,NA,NA,NA,NA,NA
2021-03-07,Asia,SEARO,India,IN,18711,11210799,100,157756,NA,NA,NA,NA,NA,NA
2021-03-08,Asia,SEARO,India,IN,18599,11229398,97,157853,NA,NA,NA,NA,NA,NA
2021-03-09,Asia,SEARO,India,IN,15388,11244786,77,157930,NA,NA,NA,NA,NA,NA
2021-03-10,Asia,SEARO,India,IN,17921,11262707,133,158063,NA,NA,NA,NA,NA,NA
2021-03-11,Asia,SEARO,India,IN,22854,11285561,126,158189,NA,NA,NA,NA,NA,NA
2021-03-12,Asia,SEARO,India,IN,23285,11308846,117,158306,NA,NA,NA,NA,NA,NA
2021-03-13,Asia,SEARO,India,IN,24882,11333728,140,158446,NA,NA,NA,NA,NA,NA
2021-03-14,Asia,SEARO,India,IN,25320,11359048,161,158607,NA,NA,NA,NA,NA,NA
2021-03-15,Asia,SEARO,India,IN,26291,11385339,118,158725,NA,NA,NA,NA,NA,NA
2021-03-16,Asia,SEARO,India,IN,24492,11409831,131,158856,NA,NA,NA,NA,NA,NA
2021-03-17,Asia,SEARO,India,IN,28903,11438734,188,159044,NA,NA,NA,NA,NA,NA
2021-03-18,Asia,SEARO,India,IN,35871,11474605,172,159216,NA,NA,NA,NA,NA,NA
2021-03-19,Asia,SEARO,India,IN,39726,11514331,154,159370,NA,NA,NA,NA,NA,NA
2021-03-20,Asia,SEARO,India,IN,40953,11555284,188,159558,NA,NA,NA,NA,NA,NA
2021-03-21,Asia,SEARO,India,IN,43846,11599130,197,159755,NA,NA,NA,NA,NA,NA
2021-03-22,Asia,SEARO,India,IN,46951,11646081,212,159967,NA,NA,NA,NA,NA,NA
2021-03-23,Asia,SEARO,India,IN,40715,11686796,199,160166,NA,NA,NA,NA,NA,NA
2021-03-24,Asia,SEARO,India,IN,47262,11734058,275,160441,NA,NA,NA,NA,NA,NA
2021-03-25,Asia,SEARO,India,IN,53476,11787534,251,160692,NA,NA,NA,NA,NA,NA
2021-03-26,Asia,SEARO,India,IN,59118,11846652,257,160949,NA,NA,NA,NA,NA,NA
2021-03-27,Asia,SEARO,India,IN,62258,11908910,291,161240,NA,NA,NA,NA,NA,NA
2021-03-28,Asia,SEARO,India,IN,62714,11971624,312,161552,NA,NA,NA,NA,NA,NA
2021-03-29,Asia,SEARO,India,IN,68020,12039644,291,161843,NA,NA,NA,NA,NA,NA
2021-03-30,Asia,SEARO,India,IN,56211,12095855,271,162114,NA,NA,NA,NA,NA,NA
2021-03-31,Asia,SEARO,India,IN,53480,12149335,354,162468,NA,NA,NA,NA,NA,NA
2021-04-01,Asia,SEARO,India,IN,72330,12221665,459,162927,NA,NA,NA,NA,NA,NA
2021-04-02,Asia,SEARO,India,IN,81466,12303131,469,163396,NA,NA,NA,NA,NA,NA
2021-04-03,Asia,SEARO,India,IN,89129,12392260,714,164110,NA,NA,NA,NA,NA,NA
2021-04-04,Asia,SEARO,India,IN,93249,12485509,513,164623,NA,NA,NA,NA,NA,NA
2021-04-05,Asia,SEARO,India,IN,103558,12589067,478,165101,NA,NA,NA,NA,NA,NA
2021-04-06,Asia,SEARO,India,IN,96982,12686049,446,165547,NA,NA,NA,NA,NA,NA
2021-04-07,Asia,SEARO,India,IN,115736,12801785,630,166177,NA,NA,NA,NA,NA,NA
2021-04-08,Asia,SEARO,India,IN,126789,12928574,685,166862,NA,NA,NA,NA,NA,NA
2021-04-09,Asia,SEARO,India,IN,131968,13060542,780,167642,NA,NA,NA,NA,NA,NA
2021-04-10,Asia,SEARO,India,IN,145384,13205926,794,168436,NA,NA,NA,NA,NA,NA
2021-04-11,Asia,SEARO,India,IN,152879,13358805,839,169275,NA,NA,NA,NA,NA,NA
2021-04-12,Asia,SEARO,India,IN,168912,13527717,904,170179,NA,NA,NA,NA,NA,NA
2021-04-13,Asia,SEARO,India,IN,161736,13689453,879,171058,NA,NA,NA,NA,NA,NA
2021-04-14,Asia,SEARO,India,IN,184372,13873825,1027,172085,NA,NA,NA,NA,NA,NA
2021-04-15,Asia,SEARO,India,IN,200739,14074564,1038,173123,NA,NA,NA,NA,NA,NA
2021-04-16,Asia,SEARO,India,IN,217353,14291917,1185,174308,NA,NA,NA,NA,NA,NA
2021-04-17,Asia,SEARO,India,IN,234692,14526609,1341,175649,NA,NA,NA,NA,NA,NA
2021-04-18,Asia,SEARO,India,IN,261500,14788109,1501,177150,NA,NA,NA,NA,NA,NA
2021-04-19,Asia,SEARO,India,IN,273810,15061919,1619,178769,NA,NA,NA,NA,NA,NA
2021-04-20,Asia,SEARO,India,IN,259170,15321089,1761,180530,NA,NA,NA,NA,NA,NA
2021-04-21,Asia,SEARO,India,IN,295041,15616130,2023,182553,NA,NA,NA,NA,NA,NA
2021-04-22,Asia,SEARO,India,IN,314835,15930965,2104,184657,NA,NA,NA,NA,NA,NA
2021-04-23,Asia,SEARO,India,IN,332730,16263695,2263,186920,NA,NA,NA,NA,NA,NA
2021-04-24,Asia,SEARO,India,IN,346786,16610481,2624,189544,NA,NA,NA,NA,NA,NA
2021-04-25,Asia,SEARO,India,IN,349691,16960172,2767,192311,NA,NA,NA,NA,NA,NA
2021-04-26,Asia,SEARO,India,IN,352991,17313163,2812,195123,NA,NA,NA,NA,NA,NA
2021-04-27,Asia,SEARO,India,IN,323144,17636307,2771,197894,NA,NA,NA,NA,NA,NA
2021-04-28,Asia,SEARO,India,IN,360960,17997267,3293,201187,NA,NA,NA,NA,NA,NA
2021-04-29,Asia,SEARO,India,IN,379257,18376524,3645,204832,NA,NA,NA,NA,NA,NA
2021-04-30,Asia,SEARO,India,IN,386452,18762976,3498,208330,NA,NA,NA,NA,NA,NA
2021-05-01,Asia,SEARO,India,IN,401993,19164969,3523,211853,NA,NA,NA,NA,NA,NA
2021-05-02,Asia,SEARO,India,IN,392488,19557457,3689,215542,NA,NA,NA,NA,NA,NA
2021-05-03,Asia,SEARO,India,IN,368147,19925604,3417,218959,NA,NA,NA,NA,NA,NA
2021-05-04,Asia,SEARO,India,IN,357229,20282833,3449,222408,NA,NA,NA,NA,NA,NA
2021-05-05,Asia,SEARO,India,IN,382315,20665148,3780,226188,NA,NA,NA,NA,NA,NA
2021-05-06,Asia,SEARO,India,IN,412262,21077410,3980,230168,NA,NA,NA,NA,NA,NA
2021-05-07,Asia,SEARO,India,IN,414188,21491598,3915,234083,NA,NA,NA,NA,NA,NA
2021-05-08,Asia,SEARO,India,IN,401078,21892676,4187,238270,NA,NA,NA,NA,NA,NA
2021-05-09,Asia,SEARO,India,IN,403738,22296414,4092,242362,NA,NA,NA,NA,NA,NA
2021-05-10,Asia,SEARO,India,IN,366161,22662575,3754,246116,NA,NA,NA,NA,NA,NA
2021-05-11,Asia,SEARO,India,IN,329942,22992517,3876,249992,NA,NA,NA,NA,NA,NA
2021-05-12,Asia,SEARO,India,IN,348421,23340938,4205,254197,NA,NA,NA,NA,NA,NA
2021-05-13,Asia,SEARO,India,IN,362727,23703665,4120,258317,NA,NA,NA,NA,NA,NA
2021-05-14,Asia,SEARO,India,IN,343144,24046809,4000,262317,NA,NA,NA,NA,NA,NA
2021-05-15,Asia,SEARO,India,IN,326098,24372907,3890,266207,NA,NA,NA,NA,NA,NA
2021-05-16,Asia,SEARO,India,IN,311170,24684077,4077,270284,NA,NA,NA,NA,NA,NA
2021-05-17,Asia,SEARO,India,IN,281386,24965463,4106,274390,NA,NA,NA,NA,NA,NA
2021-05-18,Asia,SEARO,India,IN,263533,25228996,4329,278719,NA,NA,NA,NA,NA,NA
2021-05-19,Asia,SEARO,India,IN,267334,25496330,4529,283248,NA,NA,NA,NA,NA,NA
2021-05-20,Asia,SEARO,India,IN,276110,25772440,3874,287122,NA,NA,NA,NA,NA,NA
2021-05-21,Asia,SEARO,India,IN,259551,26031991,4209,291331,NA,NA,NA,NA,NA,NA
2021-05-22,Asia,SEARO,India,IN,257299,26289290,4194,295525,NA,NA,NA,NA,NA,NA
2021-05-23,Asia,SEARO,India,IN,240842,26530132,3741,299266,NA,NA,NA,NA,NA,NA
2021-05-24,Asia,SEARO,India,IN,222315,26752447,4454,303720,NA,NA,NA,NA,NA,NA
2021-05-25,Asia,SEARO,India,IN,196427,26948874,3511,307231,NA,NA,NA,NA,NA,NA
2021-05-26,Asia,SEARO,India,IN,208921,27157795,4157,311388,NA,NA,NA,NA,NA,NA
2021-05-27,Asia,SEARO,India,IN,211298,27369093,3847,315235,NA,NA,NA,NA,NA,NA
2021-05-28,Asia,SEARO,India,IN,186364,27555457,3660,318895,NA,NA,NA,NA,NA,NA
2021-05-29,Asia,SEARO,India,IN,173790,27729247,3617,322512,NA,NA,NA,NA,NA,NA
2021-05-30,Asia,SEARO,India,IN,165553,27894800,3460,325972,NA,NA,NA,NA,NA,NA
2021-05-31,Asia,SEARO,India,IN,152734,28047534,3128,329100,NA,NA,NA,NA,NA,NA
2021-06-01,Asia,SEARO,India,IN,127510,28175044,2795,331895,NA,NA,NA,NA,NA,NA
2021-06-02,Asia,SEARO,India,IN,132788,28307832,3207,335102,NA,NA,NA,NA,NA,NA
2021-06-03,Asia,SEARO,India,IN,134154,28441986,2887,337989,NA,NA,NA,NA,NA,NA
2021-06-04,Asia,SEARO,India,IN,132364,28574350,2713,340702,NA,NA,NA,NA,NA,NA
2021-06-05,Asia,SEARO,India,IN,120529,28694879,3380,344082,NA,NA,NA,NA,NA,NA
2021-06-06,Asia,SEARO,India,IN,114460,28809339,2677,346759,NA,NA,NA,NA,NA,NA
2021-06-07,Asia,SEARO,India,IN,100636,28909975,2427,349186,NA,NA,NA,NA,NA,NA
2021-06-08,Asia,SEARO,India,IN,86498,28996473,2123,351309,NA,NA,NA,NA,NA,NA
2021-06-09,Asia,SEARO,India,IN,92596,29089069,2219,353528,NA,NA,NA,NA,NA,NA
2021-06-10,Asia,SEARO,India,IN,94052,29183121,6148,359676,NA,NA,NA,NA,NA,NA
2021-06-11,Asia,SEARO,India,IN,91702,29274823,3403,363079,NA,NA,NA,NA,NA,NA
2021-06-12,Asia,SEARO,India,IN,84332,29359155,4002,367081,NA,NA,NA,NA,NA,NA
2021-06-13,Asia,SEARO,India,IN,80834,29439989,3303,370384,NA,NA,NA,NA,NA,NA
2021-06-14,Asia,SEARO,India,IN,70421,29510410,3921,374305,NA,NA,NA,NA,NA,NA
2021-06-15,Asia,SEARO,India,IN,60471,29570881,2726,377031,NA,NA,NA,NA,NA,NA
2021-06-16,Asia,SEARO,India,IN,62224,29633105,2542,379573,NA,NA,NA,NA,NA,NA
2021-06-17,Asia,SEARO,India,IN,67208,29700313,2330,381903,NA,NA,NA,NA,NA,NA
2021-06-18,Asia,SEARO,India,IN,62480,29762793,1587,383490,NA,NA,NA,NA,NA,NA
2021-06-19,Asia,SEARO,India,IN,60753,29823546,1647,385137,NA,NA,NA,NA,NA,NA
2021-06-20,Asia,SEARO,India,IN,58419,29881965,1576,386713,NA,NA,NA,NA,NA,NA
2021-06-21,Asia,SEARO,India,IN,53256,29935221,1422,388135,NA,NA,NA,NA,NA,NA
2021-06-22,Asia,SEARO,India,IN,42640,29977861,1167,389302,NA,NA,NA,NA,NA,NA
2021-06-23,Asia,SEARO,India,IN,50848,30028709,1358,390660,NA,NA,NA,NA,NA,NA
2021-06-24,Asia,SEARO,India,IN,54069,30082778,1321,391981,NA,NA,NA,NA,NA,NA
2021-06-25,Asia,SEARO,India,IN,51667,30134445,1329,393310,NA,NA,NA,NA,NA,NA
2021-06-26,Asia,SEARO,India,IN,48698,30183143,1183,394493,NA,NA,NA,NA,NA,NA
2021-06-27,Asia,SEARO,India,IN,50040,30233183,1258,395751,NA,NA,NA,NA,NA,NA
2021-06-28,Asia,SEARO,India,IN,46148,30279331,979,396730,NA,NA,NA,NA,NA,NA
2021-06-29,Asia,SEARO,India,IN,37566,30316897,907,397637,NA,NA,NA,NA,NA,NA
2021-06-30,Asia,SEARO,India,IN,45951,30362848,817,398454,NA,NA,NA,NA,NA,NA
2021-07-01,Asia,SEARO,India,IN,48786,30411634,1005,399459,NA,NA,NA,NA,NA,NA
2021-07-02,Asia,SEARO,India,IN,46617,30458251,853,400312,NA,NA,NA,NA,NA,NA
2021-07-03,Asia,SEARO,India,IN,44111,30502362,738,401050,NA,NA,NA,NA,NA,NA
2021-07-04,Asia,SEARO,India,IN,43071,30545433,955,402005,NA,NA,NA,NA,NA,NA
2021-07-05,Asia,SEARO,India,IN,39796,30585229,723,402728,NA,NA,NA,NA,NA,NA
2021-07-06,Asia,SEARO,India,IN,34703,30619932,553,403281,NA,NA,NA,NA,NA,NA
2021-07-07,Asia,SEARO,India,IN,43733,30663665,930,404211,NA,NA,NA,NA,NA,NA
2021-07-08,Asia,SEARO,India,IN,45892,30709557,817,405028,NA,NA,NA,NA,NA,NA
2021-07-09,Asia,SEARO,India,IN,43393,30752950,911,405939,NA,NA,NA,NA,NA,NA
2021-07-10,Asia,SEARO,India,IN,42766,30795716,1206,407145,NA,NA,NA,NA,NA,NA
2021-07-11,Asia,SEARO,India,IN,41506,30837222,895,408040,NA,NA,NA,NA,NA,NA
2021-07-12,Asia,SEARO,India,IN,37154,30874376,724,408764,NA,NA,NA,NA,NA,NA
2021-07-13,Asia,SEARO,India,IN,32906,30907282,2020,410784,NA,NA,NA,NA,NA,NA
2021-07-14,Asia,SEARO,India,IN,38792,30946074,624,411408,NA,NA,NA,NA,NA,NA
2021-07-15,Asia,SEARO,India,IN,41806,30987880,581,411989,NA,NA,NA,NA,NA,NA
2021-07-16,Asia,SEARO,India,IN,38949,31026829,542,412531,NA,NA,NA,NA,NA,NA
2021-07-17,Asia,SEARO,India,IN,38079,31064908,560,413091,NA,NA,NA,NA,NA,NA
2021-07-18,Asia,SEARO,India,IN,41157,31106065,518,413609,NA,NA,NA,NA,NA,NA
2021-07-19,Asia,SEARO,India,IN,38164,31144229,499,414108,NA,NA,NA,NA,NA,NA
2021-07-20,Asia,SEARO,India,IN,30093,31174322,374,414482,NA,NA,NA,NA,NA,NA
2021-07-21,Asia,SEARO,India,IN,42015,31216337,3998,418480,NA,NA,NA,NA,NA,NA
2021-07-22,Asia,SEARO,India,IN,41383,31257720,507,418987,NA,NA,NA,NA,NA,NA
2021-07-23,Asia,SEARO,India,IN,35342,31293062,483,419470,NA,NA,NA,NA,NA,NA
2021-07-24,Asia,SEARO,India,IN,39097,31332159,546,420016,NA,NA,NA,NA,NA,NA
2021-07-25,Asia,SEARO,India,IN,39742,31371901,535,420551,NA,NA,NA,NA,NA,NA
2021-07-26,Asia,SEARO,India,IN,39361,31411262,416,420967,NA,NA,NA,NA,NA,NA
2021-07-27,Asia,SEARO,India,IN,29689,31440951,415,421382,NA,NA,NA,NA,NA,NA
2021-07-28,Asia,SEARO,India,IN,43654,31484605,640,422022,NA,NA,NA,NA,NA,NA
2021-07-29,Asia,SEARO,India,IN,43509,31528114,640,422662,NA,NA,NA,NA,NA,NA
2021-07-30,Asia,SEARO,India,IN,44230,31572344,555,423217,NA,NA,NA,NA,NA,NA
2021-07-31,Asia,SEARO,India,IN,41649,31613993,593,423810,NA,NA,NA,NA,NA,NA
2021-08-01,Asia,SEARO,India,IN,41831,31655824,541,424351,NA,NA,NA,NA,NA,NA
2021-08-02,Asia,SEARO,India,IN,40134,31695958,422,424773,NA,NA,NA,NA,NA,NA
2021-08-03,Asia,SEARO,India,IN,30549,31726507,422,425195,NA,NA,NA,NA,NA,NA
2021-08-04,Asia,SEARO,India,IN,42625,31769132,562,425757,NA,NA,NA,NA,NA,NA
2021-08-05,Asia,SEARO,India,IN,42982,31812114,533,426290,NA,NA,NA,NA,NA,NA
2021-08-06,Asia,SEARO,India,IN,44643,31856757,464,426754,NA,NA,NA,NA,NA,NA
2021-08-07,Asia,SEARO,India,IN,38628,31895385,617,427371,NA,NA,NA,NA,NA,NA
2021-08-08,Asia,SEARO,India,IN,39070,31934455,491,427862,NA,NA,NA,NA,NA,NA
2021-08-09,Asia,SEARO,India,IN,35499,31969954,447,428309,NA,NA,NA,NA,NA,NA
2021-08-10,Asia,SEARO,India,IN,28204,31998158,373,428682,NA,NA,NA,NA,NA,NA
2021-08-11,Asia,SEARO,India,IN,38353,32036511,497,429179,NA,NA,NA,NA,NA,NA
2021-08-12,Asia,SEARO,India,IN,41195,32077706,490,429669,NA,NA,NA,NA,NA,NA
2021-08-13,Asia,SEARO,India,IN,40120,32117826,585,430254,NA,NA,NA,NA,NA,NA
2021-08-14,Asia,SEARO,India,IN,38667,32156493,478,430732,NA,NA,NA,NA,NA,NA
2021-08-15,Asia,SEARO,India,IN,36083,32192576,493,431225,NA,NA,NA,NA,NA,NA
2021-08-16,Asia,SEARO,India,IN,32937,32225513,417,431642,NA,NA,NA,NA,NA,NA
2021-08-17,Asia,SEARO,India,IN,25166,32250679,437,432079,NA,NA,NA,NA,NA,NA
2021-08-18,Asia,SEARO,India,IN,35178,32285857,440,432519,NA,NA,NA,NA,NA,NA
2021-08-19,Asia,SEARO,India,IN,36401,32322258,530,433049,NA,NA,NA,NA,NA,NA
2021-08-20,Asia,SEARO,India,IN,36571,32358829,540,433589,NA,NA,NA,NA,NA,NA
2021-08-21,Asia,SEARO,India,IN,34457,32393286,375,433964,NA,NA,NA,NA,NA,NA
2021-08-22,Asia,SEARO,India,IN,30948,32424234,403,434367,NA,NA,NA,NA,NA,NA
2021-08-23,Asia,SEARO,India,IN,25072,32449306,389,434756,NA,NA,NA,NA,NA,NA
2021-08-24,Asia,SEARO,India,IN,25467,32474773,354,435110,NA,NA,NA,NA,NA,NA
2021-08-25,Asia,SEARO,India,IN,37593,32512366,648,435758,NA,NA,NA,NA,NA,NA
2021-08-26,Asia,SEARO,India,IN,46164,32558530,607,436365,NA,NA,NA,NA,NA,NA
2021-08-27,Asia,SEARO,India,IN,44658,32603188,496,436861,NA,NA,NA,NA,NA,NA
2021-08-28,Asia,SEARO,India,IN,46759,32649947,509,437370,NA,NA,NA,NA,NA,NA
2021-08-29,Asia,SEARO,India,IN,45083,32695030,460,437830,NA,NA,NA,NA,NA,NA
2021-08-30,Asia,SEARO,India,IN,42909,32737939,380,438210,NA,NA,NA,NA,NA,NA
2021-08-31,Asia,SEARO,India,IN,30941,32768880,350,438560,NA,NA,NA,NA,NA,NA
2021-09-01,Asia,SEARO,India,IN,41965,32810845,460,439020,NA,NA,NA,NA,NA,NA
2021-09-02,Asia,SEARO,India,IN,47092,32857937,509,439529,NA,NA,NA,NA,NA,NA
2021-09-03,Asia,SEARO,India,IN,45352,32903289,366,439895,NA,NA,NA,NA,NA,NA
2021-09-04,Asia,SEARO,India,IN,42618,32945907,330,440225,NA,NA,NA,NA,NA,NA
2021-09-05,Asia,SEARO,India,IN,42766,32988673,308,440533,NA,NA,NA,NA,NA,NA
2021-09-06,Asia,SEARO,India,IN,38948,33027621,219,440752,NA,NA,NA,NA,NA,NA
2021-09-07,Asia,SEARO,India,IN,31222,33058843,290,441042,NA,NA,NA,NA,NA,NA
2021-09-08,Asia,SEARO,India,IN,37875,33096718,369,441411,NA,NA,NA,NA,NA,NA
2021-09-09,Asia,SEARO,India,IN,43263,33139981,338,441749,NA,NA,NA,NA,NA,NA
2021-09-10,Asia,SEARO,India,IN,34973,33174954,260,442009,NA,NA,NA,NA,NA,NA
2021-09-11,Asia,SEARO,India,IN,33376,33208330,308,442317,NA,NA,NA,NA,NA,NA
2021-09-12,Asia,SEARO,India,IN,28591,33236921,338,442655,NA,NA,NA,NA,NA,NA
2021-09-13,Asia,SEARO,India,IN,27254,33264175,219,442874,NA,NA,NA,NA,NA,NA
2021-09-14,Asia,SEARO,India,IN,25404,33289579,339,443213,NA,NA,NA,NA,NA,NA
2021-09-15,Asia,SEARO,India,IN,27176,33316755,284,443497,NA,NA,NA,NA,NA,NA
2021-09-16,Asia,SEARO,India,IN,30570,33347325,431,443928,NA,NA,NA,NA,NA,NA
2021-09-17,Asia,SEARO,India,IN,34403,33381728,320,444248,NA,NA,NA,NA,NA,NA
2021-09-18,Asia,SEARO,India,IN,35662,33417390,281,444529,NA,NA,NA,NA,NA,NA
2021-09-19,Asia,SEARO,India,IN,30773,33448163,309,444838,NA,NA,NA,NA,NA,NA
2021-09-20,Asia,SEARO,India,IN,30256,33478419,295,445133,NA,NA,NA,NA,NA,NA
2021-09-21,Asia,SEARO,India,IN,26115,33504534,252,445385,NA,NA,NA,NA,NA,NA
2021-09-22,Asia,SEARO,India,IN,26964,33531498,383,445768,NA,NA,NA,NA,NA,NA
2021-09-23,Asia,SEARO,India,IN,31923,33563421,282,446050,NA,NA,NA,NA,NA,NA
2021-09-24,Asia,SEARO,India,IN,31382,33594803,318,446368,NA,NA,NA,NA,NA,NA
2021-09-25,Asia,SEARO,India,IN,29616,33624419,290,446658,NA,NA,NA,NA,NA,NA
2021-09-26,Asia,SEARO,India,IN,28326,33652745,260,446918,NA,NA,NA,NA,NA,NA
2021-09-27,Asia,SEARO,India,IN,26041,33678786,276,447194,NA,NA,NA,NA,NA,NA
2021-09-28,Asia,SEARO,India,IN,18795,33697581,179,447373,NA,NA,NA,NA,NA,NA
2021-09-29,Asia,SEARO,India,IN,18870,33716451,378,447751,NA,NA,NA,NA,NA,NA
2021-09-30,Asia,SEARO,India,IN,23529,33739980,311,448062,NA,NA,NA,NA,NA,NA
2021-10-01,Asia,SEARO,India,IN,26727,33766707,277,448339,NA,NA,NA,NA,NA,NA
2021-10-02,Asia,SEARO,India,IN,24354,33791061,234,448573,NA,NA,NA,NA,NA,NA
2021-10-03,Asia,SEARO,India,IN,22842,33813903,244,448817,NA,NA,NA,NA,NA,NA
2021-10-04,Asia,SEARO,India,IN,20799,33834702,180,448997,NA,NA,NA,NA,NA,NA
2021-10-05,Asia,SEARO,India,IN,18346,33853048,263,449260,NA,NA,NA,NA,NA,NA
2021-10-06,Asia,SEARO,India,IN,18833,33871881,278,449538,NA,NA,NA,NA,NA,NA
2021-10-07,Asia,SEARO,India,IN,22431,33894312,318,449856,NA,NA,NA,NA,NA,NA
2021-10-08,Asia,SEARO,India,IN,21257,33915569,271,450127,NA,NA,NA,NA,NA,NA
2021-10-09,Asia,SEARO,India,IN,19740,33935309,248,450375,NA,NA,NA,NA,NA,NA
2021-10-10,Asia,SEARO,India,IN,18166,33953475,214,450589,NA,NA,NA,NA,NA,NA
2021-10-11,Asia,SEARO,India,IN,18132,33971607,193,450782,NA,NA,NA,NA,NA,NA
2021-10-12,Asia,SEARO,India,IN,14313,33985920,181,450963,NA,NA,NA,NA,NA,NA
2021-10-13,Asia,SEARO,India,IN,15823,34001743,226,451189,NA,NA,NA,NA,NA,NA
2021-10-14,Asia,SEARO,India,IN,18987,34020730,246,451435,NA,NA,NA,NA,NA,NA
2021-10-15,Asia,SEARO,India,IN,16862,34037592,379,451814,NA,NA,NA,NA,NA,NA
2021-10-16,Asia,SEARO,India,IN,15981,34053573,166,451980,NA,NA,NA,NA,NA,NA
2021-10-17,Asia,SEARO,India,IN,14146,34067719,144,452124,NA,NA,NA,NA,NA,NA
2021-10-18,Asia,SEARO,India,IN,13596,34081315,166,452290,NA,NA,NA,NA,NA,NA
2021-10-19,Asia,SEARO,India,IN,13058,34094373,164,452454,NA,NA,NA,NA,NA,NA
2021-10-20,Asia,SEARO,India,IN,14623,34108996,197,452651,NA,NA,NA,NA,NA,NA
2021-10-21,Asia,SEARO,India,IN,18454,34127450,160,452811,NA,NA,NA,NA,NA,NA
2021-10-22,Asia,SEARO,India,IN,15786,34143236,231,453042,NA,NA,NA,NA,NA,NA
2021-10-23,Asia,SEARO,India,IN,16326,34159562,666,453708,NA,NA,NA,NA,NA,NA
2021-10-24,Asia,SEARO,India,IN,15906,34175468,561,454269,NA,NA,NA,NA,NA,NA
2021-10-25,Asia,SEARO,India,IN,14306,34189774,443,454712,NA,NA,NA,NA,NA,NA
2021-10-26,Asia,SEARO,India,IN,12428,34202202,356,455068,NA,NA,NA,NA,NA,NA
2021-10-27,Asia,SEARO,India,IN,13451,34215653,585,455653,NA,NA,NA,NA,NA,NA
2021-10-28,Asia,SEARO,India,IN,16156,34231809,733,456386,NA,NA,NA,NA,NA,NA
2021-10-29,Asia,SEARO,India,IN,14348,34246157,805,457191,NA,NA,NA,NA,NA,NA
2021-10-30,Asia,SEARO,India,IN,14313,34260470,549,457740,NA,NA,NA,NA,NA,NA
2021-10-31,Asia,SEARO,India,IN,12830,34273300,446,458186,NA,NA,NA,NA,NA,NA
2021-11-01,Asia,SEARO,India,IN,12514,34285814,251,458437,NA,NA,NA,NA,NA,NA
2021-11-02,Asia,SEARO,India,IN,10423,34296237,443,458880,NA,NA,NA,NA,NA,NA
2021-11-03,Asia,SEARO,India,IN,11903,34308140,311,459191,NA,NA,NA,NA,NA,NA
2021-11-04,Asia,SEARO,India,IN,12885,34321025,461,459652,NA,NA,NA,NA,NA,NA
2021-11-05,Asia,SEARO,India,IN,12729,34333754,221,459873,NA,NA,NA,NA,NA,NA
2021-11-06,Asia,SEARO,India,IN,10929,34344683,392,460265,NA,NA,NA,NA,NA,NA
2021-11-07,Asia,SEARO,India,IN,10853,34355536,526,460791,NA,NA,NA,NA,NA,NA
2021-11-08,Asia,SEARO,India,IN,11451,34366987,266,461057,NA,NA,NA,NA,NA,NA
2021-11-09,Asia,SEARO,India,IN,10126,34377113,332,461389,NA,NA,NA,NA,NA,NA
2021-11-10,Asia,SEARO,India,IN,11466,34388579,460,461849,NA,NA,NA,NA,NA,NA
2021-11-11,Asia,SEARO,India,IN,13091,34401670,340,462189,NA,NA,NA,NA,NA,NA
2021-11-12,Asia,SEARO,India,IN,12516,34414186,501,462690,NA,NA,NA,NA,NA,NA
2021-11-13,Asia,SEARO,India,IN,11850,34426036,555,463245,NA,NA,NA,NA,NA,NA
2021-11-14,Asia,SEARO,India,IN,11271,34437307,285,463530,NA,NA,NA,NA,NA,NA
2021-11-15,Asia,SEARO,India,IN,10229,34447536,125,463655,NA,NA,NA,NA,NA,NA
2021-11-16,Asia,SEARO,India,IN,8865,34456401,197,463852,NA,NA,NA,NA,NA,NA
2021-11-17,Asia,SEARO,India,IN,10197,34466598,301,464153,NA,NA,NA,NA,NA,NA
2021-11-18,Asia,SEARO,India,IN,11919,34478517,470,464623,NA,NA,NA,NA,NA,NA
2021-11-19,Asia,SEARO,India,IN,11106,34489623,459,465082,NA,NA,NA,NA,NA,NA
2021-11-20,Asia,SEARO,India,IN,10302,34499925,267,465349,NA,NA,NA,NA,NA,NA
2021-11-21,Asia,SEARO,India,IN,10488,34510413,313,465662,NA,NA,NA,NA,NA,NA
2021-11-22,Asia,SEARO,India,IN,8488,34518901,249,465911,NA,NA,NA,NA,NA,NA
2021-11-23,Asia,SEARO,India,IN,7579,34526480,236,466147,NA,NA,NA,NA,NA,NA
2021-11-24,Asia,SEARO,India,IN,9283,34535763,437,466584,NA,NA,NA,NA,NA,NA
2021-11-25,Asia,SEARO,India,IN,9119,34544882,396,466980,NA,NA,NA,NA,NA,NA
2021-11-26,Asia,SEARO,India,IN,10549,34555431,488,467468,NA,NA,NA,NA,NA,NA
2021-11-27,Asia,SEARO,India,IN,8318,34563749,465,467933,NA,NA,NA,NA,NA,NA
2021-11-28,Asia,SEARO,India,IN,8774,34572523,621,468554,NA,NA,NA,NA,NA,NA
2021-11-29,Asia,SEARO,India,IN,8309,34580832,236,468790,NA,NA,NA,NA,NA,NA
2021-11-30,Asia,SEARO,India,IN,6990,34587822,190,468980,NA,NA,NA,NA,NA,NA
2021-12-01,Asia,SEARO,India,IN,8954,34596776,267,469247,NA,NA,NA,NA,NA,NA
2021-12-02,Asia,SEARO,India,IN,9765,34606541,477,469724,NA,NA,NA,NA,NA,NA
2021-12-03,Asia,SEARO,India,IN,9216,34615757,391,470115,NA,NA,NA,NA,NA,NA
2021-12-04,Asia,SEARO,India,IN,8603,34624360,415,470530,NA,NA,NA,NA,NA,NA
2021-12-05,Asia,SEARO,India,IN,8895,34633255,2796,473326,NA,NA,NA,NA,NA,NA
2021-12-06,Asia,SEARO,India,IN,8306,34641561,211,473537,NA,NA,NA,NA,NA,NA
2021-12-07,Asia,SEARO,India,IN,6822,34648383,220,473757,NA,NA,NA,NA,NA,NA
2021-12-08,Asia,SEARO,India,IN,8439,34656822,195,473952,NA,NA,NA,NA,NA,NA
2021-12-09,Asia,SEARO,India,IN,9419,34666241,159,474111,NA,NA,NA,NA,NA,NA
2021-12-10,Asia,SEARO,India,IN,8503,34674744,624,474735,NA,NA,NA,NA,NA,NA
2021-12-11,Asia,SEARO,India,IN,7992,34682736,393,475128,NA,NA,NA,NA,NA,NA
2021-12-12,Asia,SEARO,India,IN,7774,34690510,306,475434,NA,NA,NA,NA,NA,NA
2021-12-13,Asia,SEARO,India,IN,7350,34697860,202,475636,NA,NA,NA,NA,NA,NA
2021-12-14,Asia,SEARO,India,IN,5784,34703644,252,475888,NA,NA,NA,NA,NA,NA
2021-12-15,Asia,SEARO,India,IN,6984,34710628,247,476135,NA,NA,NA,NA,NA,NA
2021-12-16,Asia,SEARO,India,IN,7974,34718602,343,476478,NA,NA,NA,NA,NA,NA
2021-12-17,Asia,SEARO,India,IN,7447,34726049,391,476869,NA,NA,NA,NA,NA,NA
2021-12-18,Asia,SEARO,India,IN,7145,34733194,289,477158,NA,NA,NA,NA,NA,NA
2021-12-19,Asia,SEARO,India,IN,7081,34740275,264,477422,NA,NA,NA,NA,NA,NA
2021-12-20,Asia,SEARO,India,IN,6563,34746838,132,477554,NA,NA,NA,NA,NA,NA
2021-12-21,Asia,SEARO,India,IN,5326,34752164,453,478007,NA,NA,NA,NA,NA,NA
2021-12-22,Asia,SEARO,India,IN,6317,34758481,318,478325,NA,NA,NA,NA,NA,NA
2021-12-23,Asia,SEARO,India,IN,7495,34765976,434,478759,NA,NA,NA,NA,NA,NA
2021-12-24,Asia,SEARO,India,IN,6650,34772626,374,479133,NA,NA,NA,NA,NA,NA
2021-12-25,Asia,SEARO,India,IN,7189,34779815,387,479520,NA,NA,NA,NA,NA,NA
2021-12-26,Asia,SEARO,India,IN,6987,34786802,162,479682,NA,NA,NA,NA,NA,NA
2021-12-27,Asia,SEARO,India,IN,6531,34793333,315,479997,NA,NA,NA,NA,NA,NA
2021-12-28,Asia,SEARO,India,IN,6358,34799691,293,480290,NA,NA,NA,NA,NA,NA
2021-12-29,Asia,SEARO,India,IN,9195,34808886,302,480592,NA,NA,NA,NA,NA,NA
2021-12-30,Asia,SEARO,India,IN,13154,34822040,268,480860,NA,NA,NA,NA,NA,NA
2021-12-31,Asia,SEARO,India,IN,16764,34838804,220,481080,NA,NA,NA,NA,NA,NA
2022-01-01,Asia,SEARO,India,IN,22775,34861579,406,481486,NA,NA,NA,NA,NA,NA
2022-01-02,Asia,SEARO,India,IN,27553,34889132,284,481770,NA,NA,NA,NA,NA,NA
2022-01-03,Asia,SEARO,India,IN,33750,34922882,123,481893,NA,NA,NA,NA,NA,NA
2022-01-04,Asia,SEARO,India,IN,37379,34960261,124,482017,NA,NA,NA,NA,NA,NA
2022-01-05,Asia,SEARO,India,IN,58097,35018358,534,482551,NA,NA,NA,NA,NA,NA
2022-01-06,Asia,SEARO,India,IN,90928,35109286,325,482876,NA,NA,NA,NA,NA,NA
2022-01-07,Asia,SEARO,India,IN,117100,35226386,302,483178,NA,NA,NA,NA,NA,NA
2022-01-08,Asia,SEARO,India,IN,141986,35368372,285,483463,NA,NA,NA,NA,NA,NA
2022-01-09,Asia,SEARO,India,IN,159632,35528004,327,483790,NA,NA,NA,NA,NA,NA
2022-01-10,Asia,SEARO,India,IN,179723,35707727,146,483936,NA,NA,NA,NA,NA,NA
2022-01-11,Asia,SEARO,India,IN,168063,35875790,277,484213,NA,NA,NA,NA,NA,NA
2022-01-12,Asia,SEARO,India,IN,194720,36070510,442,484655,NA,NA,NA,NA,NA,NA
2022-01-13,Asia,SEARO,India,IN,247417,36317927,380,485035,NA,NA,NA,NA,NA,NA
2022-01-14,Asia,SEARO,India,IN,264202,36582129,315,485350,NA,NA,NA,NA,NA,NA
2022-01-15,Asia,SEARO,India,IN,268833,36850962,402,485752,NA,NA,NA,NA,NA,NA
2022-01-16,Asia,SEARO,India,IN,271202,37122164,314,486066,NA,NA,NA,NA,NA,NA
2022-01-17,Asia,SEARO,India,IN,258089,37380253,385,486451,NA,NA,NA,NA,NA,NA
2022-01-18,Asia,SEARO,India,IN,238018,37618271,310,486761,NA,NA,NA,NA,NA,NA
2022-01-19,Asia,SEARO,India,IN,282970,37901241,441,487202,NA,NA,NA,NA,NA,NA
2022-01-20,Asia,SEARO,India,IN,317532,38218773,491,487693,NA,NA,NA,NA,NA,NA
2022-01-21,Asia,SEARO,India,IN,347254,38566027,703,488396,NA,NA,NA,NA,NA,NA
2022-01-22,Asia,SEARO,India,IN,337704,38903731,488,488884,NA,NA,NA,NA,NA,NA
2022-01-23,Asia,SEARO,India,IN,333533,39237264,525,489409,NA,NA,NA,NA,NA,NA
2022-01-24,Asia,SEARO,India,IN,306064,39543328,439,489848,NA,NA,NA,NA,NA,NA
2022-01-25,Asia,SEARO,India,IN,255874,39799202,614,490462,NA,NA,NA,NA,NA,NA
2022-01-26,Asia,SEARO,India,IN,285914,40085116,665,491127,NA,NA,NA,NA,NA,NA
2022-01-27,Asia,SEARO,India,IN,286384,40371500,573,491700,NA,NA,NA,NA,NA,NA
2022-01-28,Asia,SEARO,India,IN,251209,40622709,627,492327,NA,NA,NA,NA,NA,NA
2022-01-29,Asia,SEARO,India,IN,235532,40858241,871,493198,NA,NA,NA,NA,NA,NA
2022-01-30,Asia,SEARO,India,IN,234281,41092522,893,494091,NA,NA,NA,NA,NA,NA
2022-01-31,Asia,SEARO,India,IN,209918,41302440,959,495050,NA,NA,NA,NA,NA,NA
2022-02-01,Asia,SEARO,India,IN,167059,41469499,1192,496242,NA,NA,NA,NA,NA,NA
2022-02-02,Asia,SEARO,India,IN,161386,41630885,1733,497975,NA,NA,NA,NA,NA,NA
2022-02-03,Asia,SEARO,India,IN,172433,41803318,1008,498983,NA,NA,NA,NA,NA,NA
2022-02-04,Asia,SEARO,India,IN,149394,41952712,1072,500055,NA,NA,NA,NA,NA,NA
2022-02-05,Asia,SEARO,India,IN,127952,42080664,1059,501114,NA,NA,NA,NA,NA,NA
2022-02-06,Asia,SEARO,India,IN,107474,42188138,865,501979,NA,NA,NA,NA,NA,NA
2022-02-07,Asia,SEARO,India,IN,83876,42272014,895,502874,NA,NA,NA,NA,NA,NA
2022-02-08,Asia,SEARO,India,IN,67597,42339611,1188,504062,NA,NA,NA,NA,NA,NA
2022-02-09,Asia,SEARO,India,IN,71365,42410976,1217,505279,NA,NA,NA,NA,NA,NA
2022-02-10,Asia,SEARO,India,IN,67084,42478060,1241,506520,NA,NA,NA,NA,NA,NA
2022-02-11,Asia,SEARO,India,IN,58077,42536137,657,507177,NA,NA,NA,NA,NA,NA
2022-02-12,Asia,SEARO,India,IN,50407,42586544,804,507981,NA,NA,NA,NA,NA,NA
2022-02-13,Asia,SEARO,India,IN,44877,42631421,684,508665,NA,NA,NA,NA,NA,NA
2022-02-14,Asia,SEARO,India,IN,34113,42665534,346,509011,NA,NA,NA,NA,NA,NA
2022-02-15,Asia,SEARO,India,IN,27409,42692943,347,509358,NA,NA,NA,NA,NA,NA
2022-02-16,Asia,SEARO,India,IN,30615,42723558,514,509872,NA,NA,NA,NA,NA,NA
2022-02-17,Asia,SEARO,India,IN,30757,42754315,541,510413,NA,NA,NA,NA,NA,NA
2022-02-18,Asia,SEARO,India,IN,25920,42780235,492,510905,NA,NA,NA,NA,NA,NA
2022-02-19,Asia,SEARO,India,IN,22270,42802505,325,511230,NA,NA,NA,NA,NA,NA
2022-02-20,Asia,SEARO,India,IN,19968,42822473,673,511903,NA,NA,NA,NA,NA,NA
2022-02-21,Asia,SEARO,India,IN,16051,42838524,206,512109,NA,NA,NA,NA,NA,NA
2022-02-22,Asia,SEARO,India,IN,13405,42851929,235,512344,NA,NA,NA,NA,NA,NA
2022-02-23,Asia,SEARO,India,IN,15102,42867031,278,512622,NA,NA,NA,NA,NA,NA
2022-02-24,Asia,SEARO,India,IN,14148,42881179,302,512924,NA,NA,NA,NA,NA,NA
2022-02-25,Asia,SEARO,India,IN,13166,42894345,302,513226,NA,NA,NA,NA,NA,NA
2022-02-26,Asia,SEARO,India,IN,11499,42905844,255,513481,NA,NA,NA,NA,NA,NA
2022-02-27,Asia,SEARO,India,IN,10273,42916117,243,513724,NA,NA,NA,NA,NA,NA
2022-02-28,Asia,SEARO,India,IN,8013,42924130,119,513843,NA,NA,NA,NA,NA,NA
2022-03-01,Asia,SEARO,India,IN,6915,42931045,180,514023,NA,NA,NA,NA,NA,NA
2022-03-02,Asia,SEARO,India,IN,7554,42938599,223,514246,NA,NA,NA,NA,NA,NA
2022-03-03,Asia,SEARO,India,IN,6561,42945160,142,514388,NA,NA,NA,NA,NA,NA
2022-03-04,Asia,SEARO,India,IN,6396,42951556,201,514589,NA,NA,NA,NA,NA,NA
2022-03-05,Asia,SEARO,India,IN,5921,42957477,289,514878,NA,NA,NA,NA,NA,NA
2022-03-06,Asia,SEARO,India,IN,5476,42962953,158,515036,NA,NA,NA,NA,NA,NA
2022-03-07,Asia,SEARO,India,IN,4362,42967315,66,515102,NA,NA,NA,NA,NA,NA
2022-03-08,Asia,SEARO,India,IN,3993,42971308,108,515210,NA,NA,NA,NA,NA,NA
2022-03-09,Asia,SEARO,India,IN,4575,42975883,145,515355,NA,NA,NA,NA,NA,NA
2022-03-10,Asia,SEARO,India,IN,4184,42980067,104,515459,NA,NA,NA,NA,NA,NA
2022-03-11,Asia,SEARO,India,IN,4194,42984261,255,515714,NA,NA,NA,NA,NA,NA
2022-03-12,Asia,SEARO,India,IN,3614,42987875,89,515803,NA,NA,NA,NA,NA,NA
2022-03-13,Asia,SEARO,India,IN,3116,42990991,47,515850,NA,NA,NA,NA,NA,NA
2022-03-14,Asia,SEARO,India,IN,2503,42993494,27,515877,NA,NA,NA,NA,NA,NA
2022-03-15,Asia,SEARO,India,IN,2568,42996062,97,515974,NA,NA,NA,NA,NA,NA
2022-03-16,Asia,SEARO,India,IN,2876,42998938,98,516072,NA,NA,NA,NA,NA,NA
2022-03-17,Asia,SEARO,India,IN,2539,43001477,60,516132,NA,NA,NA,NA,NA,NA
2022-03-18,Asia,SEARO,India,IN,2528,43004005,149,516281,NA,NA,NA,NA,NA,NA
2022-03-19,Asia,SEARO,India,IN,2075,43006080,71,516352,NA,NA,NA,NA,NA,NA
2022-03-20,Asia,SEARO,India,IN,1761,43007841,127,516479,NA,NA,NA,NA,NA,NA
2022-03-21,Asia,SEARO,India,IN,1549,43009390,31,516510,NA,NA,NA,NA,NA,NA
2022-03-22,Asia,SEARO,India,IN,1581,43010971,33,516543,NA,NA,NA,NA,NA,NA
2022-03-23,Asia,SEARO,India,IN,1778,43012749,62,516605,NA,NA,NA,NA,NA,NA
2022-03-24,Asia,SEARO,India,IN,1938,43014687,67,516672,NA,NA,NA,NA,NA,NA
2022-03-25,Asia,SEARO,India,IN,1685,43016372,83,516755,NA,NA,NA,NA,NA,NA
2022-03-26,Asia,SEARO,India,IN,1660,43018032,4100,520855,NA,NA,NA,NA,NA,NA
2022-03-27,Asia,SEARO,India,IN,1421,43019453,149,521004,NA,NA,NA,NA,NA,NA
2022-03-28,Asia,SEARO,India,IN,1270,43020723,31,521035,NA,NA,NA,NA,NA,NA
2022-03-29,Asia,SEARO,India,IN,1259,43021982,35,521070,NA,NA,NA,NA,NA,NA
2022-03-30,Asia,SEARO,India,IN,1233,43023215,31,521101,NA,NA,NA,NA,NA,NA
2022-03-31,Asia,SEARO,India,IN,1225,43024440,28,521129,NA,NA,NA,NA,NA,NA
2022-04-01,Asia,SEARO,India,IN,1335,43025775,52,521181,NA,NA,NA,NA,NA,NA
2022-04-02,Asia,SEARO,India,IN,1260,43027035,83,521264,NA,NA,NA,NA,NA,NA
2022-04-03,Asia,SEARO,India,IN,1096,43028131,81,521345,NA,NA,NA,NA,NA,NA
2022-04-04,Asia,SEARO,India,IN,913,43029044,13,521358,NA,NA,NA,NA,NA,NA
2022-04-05,Asia,SEARO,India,IN,795,43029839,58,521416,NA,NA,NA,NA,NA,NA
2022-04-06,Asia,SEARO,India,IN,1086,43030925,71,521487,NA,NA,NA,NA,NA,NA
2022-04-07,Asia,SEARO,India,IN,1033,43031958,43,521530,NA,NA,NA,NA,NA,NA
2022-04-08,Asia,SEARO,India,IN,1109,43033067,43,521573,NA,NA,NA,NA,NA,NA
2022-04-09,Asia,SEARO,India,IN,1150,43034217,83,521656,NA,NA,NA,NA,NA,NA
2022-04-10,Asia,SEARO,India,IN,1054,43035271,29,521685,NA,NA,NA,NA,NA,NA
2022-04-11,Asia,SEARO,India,IN,861,43036132,6,521691,NA,NA,NA,NA,NA,NA
2022-04-12,Asia,SEARO,India,IN,796,43036928,19,521710,NA,NA,NA,NA,NA,NA
2022-04-13,Asia,SEARO,India,IN,1088,43038016,26,521736,NA,NA,NA,NA,NA,NA
2022-04-14,Asia,SEARO,India,IN,1007,43039023,1,521737,NA,NA,NA,NA,NA,NA
2022-04-15,Asia,SEARO,India,IN,949,43039972,6,521743,NA,NA,NA,NA,NA,NA
2022-04-16,Asia,SEARO,India,IN,975,43040947,4,521747,NA,NA,NA,NA,NA,NA
2022-04-17,Asia,SEARO,India,IN,1150,43042097,4,521751,NA,NA,NA,NA,NA,NA
2022-04-18,Asia,SEARO,India,IN,2183,43044280,214,521965,NA,NA,NA,NA,NA,NA
2022-04-19,Asia,SEARO,India,IN,1247,43045527,1,521966,NA,NA,NA,NA,NA,NA
2022-04-20,Asia,SEARO,India,IN,2067,43047594,40,522006,NA,NA,NA,NA,NA,NA
2022-04-21,Asia,SEARO,India,IN,2380,43049974,56,522062,NA,NA,NA,NA,NA,NA
2022-04-22,Asia,SEARO,India,IN,2451,43052425,54,522116,NA,NA,NA,NA,NA,NA
2022-04-23,Asia,SEARO,India,IN,2527,43054952,33,522149,NA,NA,NA,NA,NA,NA
2022-04-24,Asia,SEARO,India,IN,2593,43057545,44,522193,NA,NA,NA,NA,NA,NA
2022-04-25,Asia,SEARO,India,IN,2541,43060086,30,522223,NA,NA,NA,NA,NA,NA
2022-04-26,Asia,SEARO,India,IN,2483,43062569,1399,523622,NA,NA,NA,NA,NA,NA
2022-04-27,Asia,SEARO,India,IN,2927,43065496,32,523654,NA,NA,NA,NA,NA,NA
2022-04-28,Asia,SEARO,India,IN,3303,43068799,39,523693,NA,NA,NA,NA,NA,NA
2022-04-29,Asia,SEARO,India,IN,3377,43072176,60,523753,NA,NA,NA,NA,NA,NA
2022-04-30,Asia,SEARO,India,IN,3688,43075864,50,523803,NA,NA,NA,NA,NA,NA
2022-05-01,Asia,SEARO,India,IN,3324,43079188,40,523843,NA,NA,NA,NA,NA,NA
2022-05-02,Asia,SEARO,India,IN,3157,43082345,26,523869,NA,NA,NA,NA,NA,NA
2022-05-03,Asia,SEARO,India,IN,2568,43084913,20,523889,NA,NA,NA,NA,NA,NA
2022-05-04,Asia,SEARO,India,IN,3205,43088118,31,523920,NA,NA,NA,NA,NA,NA
2022-05-05,Asia,SEARO,India,IN,3275,43091393,55,523975,NA,NA,NA,NA,NA,NA
2022-05-06,Asia,SEARO,India,IN,3545,43094938,27,524002,NA,NA,NA,NA,NA,NA
2022-05-07,Asia,SEARO,India,IN,3805,43098743,22,524024,NA,NA,NA,NA,NA,NA
2022-05-08,Asia,SEARO,India,IN,3451,43102194,40,524064,NA,NA,NA,NA,NA,NA
2022-05-09,Asia,SEARO,India,IN,3207,43105401,29,524093,NA,NA,NA,NA,NA,NA
2022-05-10,Asia,SEARO,India,IN,2288,43107689,10,524103,NA,NA,NA,NA,NA,NA
2022-05-11,Asia,SEARO,India,IN,2897,43110586,54,524157,NA,NA,NA,NA,NA,NA
2022-05-12,Asia,SEARO,India,IN,2827,43113413,24,524181,NA,NA,NA,NA,NA,NA
2022-05-13,Asia,SEARO,India,IN,2841,43116254,9,524190,NA,NA,NA,NA,NA,NA
2022-05-14,Asia,SEARO,India,IN,2858,43119112,11,524201,NA,NA,NA,NA,NA,NA
2022-05-15,Asia,SEARO,India,IN,2487,43121599,13,524214,NA,NA,NA,NA,NA,NA
2022-05-16,Asia,SEARO,India,IN,2202,43123801,27,524241,NA,NA,NA,NA,NA,NA
2022-05-17,Asia,SEARO,India,IN,1569,43125370,19,524260,NA,NA,NA,NA,NA,NA
2022-05-18,Asia,SEARO,India,IN,1829,43127199,33,524293,NA,NA,NA,NA,NA,NA
2022-05-19,Asia,SEARO,India,IN,2364,43129563,10,524303,NA,NA,NA,NA,NA,NA
2022-05-20,Asia,SEARO,India,IN,2259,43131822,20,524323,NA,NA,NA,NA,NA,NA
2022-05-21,Asia,SEARO,India,IN,2323,43134145,25,524348,NA,NA,NA,NA,NA,NA
2022-05-22,Asia,SEARO,India,IN,2226,43136371,65,524413,NA,NA,NA,NA,NA,NA
2022-05-23,Asia,SEARO,India,IN,2022,43138393,46,524459,NA,NA,NA,NA,NA,NA
2022-05-24,Asia,SEARO,India,IN,1675,43140068,31,524490,NA,NA,NA,NA,NA,NA
2022-05-25,Asia,SEARO,India,IN,2124,43142192,17,524507,NA,NA,NA,NA,NA,NA
2022-05-26,Asia,SEARO,India,IN,2628,43144820,18,524525,NA,NA,NA,NA,NA,NA
2022-05-27,Asia,SEARO,India,IN,2710,43147530,14,524539,NA,NA,NA,NA,NA,NA
2022-05-28,Asia,SEARO,India,IN,2685,43150215,33,524572,NA,NA,NA,NA,NA,NA
2022-05-29,Asia,SEARO,India,IN,2828,43153043,14,524586,NA,NA,NA,NA,NA,NA
2022-05-30,Asia,SEARO,India,IN,2706,43155749,25,524611,NA,NA,NA,NA,NA,NA
2022-05-31,Asia,SEARO,India,IN,2338,43158087,19,524630,NA,NA,NA,NA,NA,NA
2022-06-01,Asia,SEARO,India,IN,2745,43160832,6,524636,NA,NA,NA,NA,NA,NA
2022-06-02,Asia,SEARO,India,IN,3712,43164544,5,524641,NA,NA,NA,NA,NA,NA
2022-06-03,Asia,SEARO,India,IN,4041,43168585,10,524651,NA,NA,NA,NA,NA,NA
2022-06-04,Asia,SEARO,India,IN,3962,43172547,26,524677,NA,NA,NA,NA,NA,NA
2022-06-05,Asia,SEARO,India,IN,4270,43176817,15,524692,NA,NA,NA,NA,NA,NA
2022-06-06,Asia,SEARO,India,IN,4518,43181335,9,524701,NA,NA,NA,NA,NA,NA
2022-06-07,Asia,SEARO,India,IN,3714,43185049,7,524708,NA,NA,NA,NA,NA,NA
2022-06-08,Asia,SEARO,India,IN,5233,43190282,7,524715,NA,NA,NA,NA,NA,NA
2022-06-09,Asia,SEARO,India,IN,7240,43197522,8,524723,NA,NA,NA,NA,NA,NA
2022-06-10,Asia,SEARO,India,IN,7584,43205106,24,524747,NA,NA,NA,NA,NA,NA
2022-06-11,Asia,SEARO,India,IN,8329,43213435,10,524757,NA,NA,NA,NA,NA,NA
2022-06-12,Asia,SEARO,India,IN,8582,43222017,4,524761,NA,NA,NA,NA,NA,NA
2022-06-13,Asia,SEARO,India,IN,8084,43230101,10,524771,NA,NA,NA,NA,NA,NA
2022-06-14,Asia,SEARO,India,IN,6594,43236695,6,524777,NA,NA,NA,NA,NA,NA
2022-06-15,Asia,SEARO,India,IN,8822,43245517,15,524792,NA,NA,NA,NA,NA,NA
2022-06-16,Asia,SEARO,India,IN,12213,43257730,11,524803,NA,NA,NA,NA,NA,NA
2022-06-17,Asia,SEARO,India,IN,12847,43270577,14,524817,NA,NA,NA,NA,NA,NA
2022-06-18,Asia,SEARO,India,IN,13216,43283793,23,524840,NA,NA,NA,NA,NA,NA
2022-06-19,Asia,SEARO,India,IN,12899,43296692,15,524855,NA,NA,NA,NA,NA,NA
2022-06-20,Asia,SEARO,India,IN,12781,43309473,18,524873,NA,NA,NA,NA,NA,NA
2022-06-21,Asia,SEARO,India,IN,9923,43319396,17,524890,NA,NA,NA,NA,NA,NA
2022-06-22,Asia,SEARO,India,IN,12249,43331645,13,524903,NA,NA,NA,NA,NA,NA
2022-06-23,Asia,SEARO,India,IN,13313,43344958,38,524941,NA,NA,NA,NA,NA,NA
2022-06-24,Asia,SEARO,India,IN,17336,43362294,13,524954,NA,NA,NA,NA,NA,NA
2022-06-25,Asia,SEARO,India,IN,15940,43378234,20,524974,NA,NA,NA,NA,NA,NA
2022-06-26,Asia,SEARO,India,IN,11739,43389973,25,524999,NA,NA,NA,NA,NA,NA
2022-06-27,Asia,SEARO,India,IN,17073,43407046,21,525020,NA,NA,NA,NA,NA,NA
2022-06-28,Asia,SEARO,India,IN,11793,43418839,27,525047,NA,NA,NA,NA,NA,NA
2022-06-29,Asia,SEARO,India,IN,14506,43433345,30,525077,NA,NA,NA,NA,NA,NA
2022-06-30,Asia,SEARO,India,IN,18819,43452164,39,525116,NA,NA,NA,NA,NA,NA
2022-07-01,Asia,SEARO,India,IN,17070,43469234,23,525139,NA,NA,NA,NA,NA,NA
2022-07-02,Asia,SEARO,India,IN,17092,43486326,29,525168,NA,NA,NA,NA,NA,NA
2022-07-03,Asia,SEARO,India,IN,16103,43502429,31,525199,NA,NA,NA,NA,NA,NA
2022-07-04,Asia,SEARO,India,IN,16135,43518564,24,525223,NA,NA,NA,NA,NA,NA
2022-07-05,Asia,SEARO,India,IN,13086,43531650,19,525242,NA,NA,NA,NA,NA,NA
2022-07-06,Asia,SEARO,India,IN,16159,43547809,28,525270,NA,NA,NA,NA,NA,NA
2022-07-07,Asia,SEARO,India,IN,18930,43566739,35,525305,NA,NA,NA,NA,NA,NA
2022-07-08,Asia,SEARO,India,IN,18815,43585554,38,525343,NA,NA,NA,NA,NA,NA
2022-07-09,Asia,SEARO,India,IN,18840,43604394,43,525386,NA,NA,NA,NA,NA,NA
2022-07-10,Asia,SEARO,India,IN,18257,43622651,42,525428,NA,NA,NA,NA,NA,NA
2022-07-11,Asia,SEARO,India,IN,16678,43639329,26,525454,NA,NA,NA,NA,NA,NA
2022-07-12,Asia,SEARO,India,IN,13615,43652944,20,525474,NA,NA,NA,NA,NA,NA
2022-07-13,Asia,SEARO,India,IN,16906,43669850,45,525519,NA,NA,NA,NA,NA,NA
2022-07-14,Asia,SEARO,India,IN,20139,43689989,38,525557,NA,NA,NA,NA,NA,NA
2022-07-15,Asia,SEARO,India,IN,20038,43710027,47,525604,NA,NA,NA,NA,NA,NA
2022-07-16,Asia,SEARO,India,IN,20044,43730071,56,525660,NA,NA,NA,NA,NA,NA
2022-07-17,Asia,SEARO,India,IN,20528,43750599,49,525709,NA,NA,NA,NA,NA,NA
2022-07-18,Asia,SEARO,India,IN,16935,43767534,51,525760,NA,NA,NA,NA,NA,NA
2022-07-19,Asia,SEARO,India,IN,15528,43783062,25,525785,NA,NA,NA,NA,NA,NA
2022-07-20,Asia,SEARO,India,IN,20557,43803619,40,525825,NA,NA,NA,NA,NA,NA
2022-07-21,Asia,SEARO,India,IN,21566,43825185,45,525870,NA,NA,NA,NA,NA,NA
2022-07-22,Asia,SEARO,India,IN,21880,43847065,60,525930,NA,NA,NA,NA,NA,NA
2022-07-23,Asia,SEARO,India,IN,21411,43868476,67,525997,NA,NA,NA,NA,NA,NA
2022-07-24,Asia,SEARO,India,IN,20279,43888755,36,526033,NA,NA,NA,NA,NA,NA
2022-07-25,Asia,SEARO,India,IN,16866,43905621,41,526074,NA,NA,NA,NA,NA,NA
2022-07-26,Asia,SEARO,India,IN,14830,43920451,36,526110,NA,NA,NA,NA,NA,NA
2022-07-27,Asia,SEARO,India,IN,18313,43938764,57,526167,NA,NA,NA,NA,NA,NA
2022-07-28,Asia,SEARO,India,IN,20557,43959321,45,526212,NA,NA,NA,NA,NA,NA
2022-07-29,Asia,SEARO,India,IN,20409,43979730,46,526258,NA,NA,NA,NA,NA,NA
2022-07-30,Asia,SEARO,India,IN,20408,44000138,54,526312,NA,NA,NA,NA,NA,NA
2022-07-31,Asia,SEARO,India,IN,19673,44019811,45,526357,NA,NA,NA,NA,NA,NA
2022-08-01,Asia,SEARO,India,IN,16464,44036275,39,526396,NA,NA,NA,NA,NA,NA
2022-08-02,Asia,SEARO,India,IN,13734,44050009,34,526430,NA,NA,NA,NA,NA,NA
2022-08-03,Asia,SEARO,India,IN,17135,44067144,47,526477,NA,NA,NA,NA,NA,NA
2022-08-04,Asia,SEARO,India,IN,19893,44087037,53,526530,NA,NA,NA,NA,NA,NA
2022-08-05,Asia,SEARO,India,IN,20551,44107588,70,526600,NA,NA,NA,NA,NA,NA
2022-08-06,Asia,SEARO,India,IN,19406,44126994,49,526649,NA,NA,NA,NA,NA,NA
2022-08-07,Asia,SEARO,India,IN,18738,44145732,40,526689,NA,NA,NA,NA,NA,NA
2022-08-08,Asia,SEARO,India,IN,16167,44161899,41,526730,NA,NA,NA,NA,NA,NA
2022-08-09,Asia,SEARO,India,IN,12751,44174650,42,526772,NA,NA,NA,NA,NA,NA
2022-08-10,Asia,SEARO,India,IN,16047,44190697,54,526826,NA,NA,NA,NA,NA,NA
2022-08-11,Asia,SEARO,India,IN,16299,44206996,53,526879,NA,NA,NA,NA,NA,NA
2022-08-12,Asia,SEARO,India,IN,16561,44223557,49,526928,NA,NA,NA,NA,NA,NA
2022-08-13,Asia,SEARO,India,IN,15815,44239372,68,526996,NA,NA,NA,NA,NA,NA
2022-08-14,Asia,SEARO,India,IN,14092,44253464,41,527037,NA,NA,NA,NA,NA,NA
2022-08-15,Asia,SEARO,India,IN,14917,44268381,32,527069,NA,NA,NA,NA,NA,NA
2022-08-16,Asia,SEARO,India,IN,8813,44277194,29,527098,NA,NA,NA,NA,NA,NA
2022-08-17,Asia,SEARO,India,IN,9062,44286256,36,527134,NA,NA,NA,NA,NA,NA
2022-08-18,Asia,SEARO,India,IN,12608,44298864,72,527206,NA,NA,NA,NA,NA,NA
2022-08-19,Asia,SEARO,India,IN,15754,44314618,47,527253,NA,NA,NA,NA,NA,NA
2022-08-20,Asia,SEARO,India,IN,13272,44327890,36,527289,NA,NA,NA,NA,NA,NA
2022-08-21,Asia,SEARO,India,IN,11539,44339429,43,527332,NA,NA,NA,NA,NA,NA
2022-08-22,Asia,SEARO,India,IN,9531,44348960,36,527368,NA,NA,NA,NA,NA,NA
2022-08-23,Asia,SEARO,India,IN,8586,44357546,48,527416,NA,NA,NA,NA,NA,NA
2022-08-24,Asia,SEARO,India,IN,10649,44368195,36,527452,NA,NA,NA,NA,NA,NA
2022-08-25,Asia,SEARO,India,IN,10725,44378920,36,527488,NA,NA,NA,NA,NA,NA
2022-08-26,Asia,SEARO,India,IN,10256,44389176,68,527556,NA,NA,NA,NA,NA,NA
2022-08-27,Asia,SEARO,India,IN,9520,44398696,41,527597,NA,NA,NA,NA,NA,NA
2022-08-28,Asia,SEARO,India,IN,9436,44408132,157,527754,NA,NA,NA,NA,NA,NA
2022-08-29,Asia,SEARO,India,IN,7591,44415723,45,527799,NA,NA,NA,NA,NA,NA
2022-08-30,Asia,SEARO,India,IN,5439,44421162,30,527829,NA,NA,NA,NA,NA,NA
2022-08-31,Asia,SEARO,India,IN,7231,44428393,45,527874,NA,NA,NA,NA,NA,NA
2022-09-01,Asia,SEARO,India,IN,7946,44436339,37,527911,NA,NA,NA,NA,NA,NA
2022-09-02,Asia,SEARO,India,IN,6168,44442507,21,527932,NA,NA,NA,NA,NA,NA
2022-09-03,Asia,SEARO,India,IN,7211,44449718,25,527957,NA,NA,NA,NA,NA,NA
2022-09-04,Asia,SEARO,India,IN,6817,44456535,34,527991,NA,NA,NA,NA,NA,NA
2022-09-05,Asia,SEARO,India,IN,5910,44462445,16,528007,NA,NA,NA,NA,NA,NA
2022-09-06,Asia,SEARO,India,IN,4417,44466862,23,528030,NA,NA,NA,NA,NA,NA
2022-09-07,Asia,SEARO,India,IN,5379,44472241,27,528057,NA,NA,NA,NA,NA,NA
2022-09-08,Asia,SEARO,India,IN,6395,44478636,33,528090,NA,NA,NA,NA,NA,NA
2022-09-09,Asia,SEARO,India,IN,6093,44484729,31,528121,NA,NA,NA,NA,NA,NA
2022-09-10,Asia,SEARO,India,IN,5554,44490283,18,528139,NA,NA,NA,NA,NA,NA
2022-09-11,Asia,SEARO,India,IN,5076,44495359,11,528150,NA,NA,NA,NA,NA,NA
2022-09-12,Asia,SEARO,India,IN,5221,44500580,15,528165,NA,NA,NA,NA,NA,NA
2022-09-13,Asia,SEARO,India,IN,4369,44504949,20,528185,NA,NA,NA,NA,NA,NA
2022-09-14,Asia,SEARO,India,IN,5108,44510057,31,528216,NA,NA,NA,NA,NA,NA
2022-09-15,Asia,SEARO,India,IN,6422,44516479,34,528250,NA,NA,NA,NA,NA,NA
2022-09-16,Asia,SEARO,India,IN,6298,44522777,23,528273,NA,NA,NA,NA,NA,NA
2022-09-17,Asia,SEARO,India,IN,5747,44528524,29,528302,NA,NA,NA,NA,NA,NA
2022-09-18,Asia,SEARO,India,IN,5664,44534188,35,528337,NA,NA,NA,NA,NA,NA
2022-09-19,Asia,SEARO,India,IN,4858,44539046,18,528355,NA,NA,NA,NA,NA,NA
2022-09-20,Asia,SEARO,India,IN,4043,44543089,15,528370,NA,NA,NA,NA,NA,NA
2022-09-21,Asia,SEARO,India,IN,4510,44547599,33,528403,NA,NA,NA,NA,NA,NA
2022-09-22,Asia,SEARO,India,IN,5443,44553042,26,528429,NA,NA,NA,NA,NA,NA
2022-09-23,Asia,SEARO,India,IN,5383,44558425,20,528449,NA,NA,NA,NA,NA,NA
2022-09-24,Asia,SEARO,India,IN,4912,44563337,38,528487,NA,NA,NA,NA,NA,NA
2022-09-25,Asia,SEARO,India,IN,4777,44568114,23,528510,NA,NA,NA,NA,NA,NA
2022-09-26,Asia,SEARO,India,IN,4129,44572243,20,528530,NA,NA,NA,NA,NA,NA
2022-09-27,Asia,SEARO,India,IN,3230,44575473,32,528562,NA,NA,NA,NA,NA,NA
2022-09-28,Asia,SEARO,India,IN,3615,44579088,22,528584,NA,NA,NA,NA,NA,NA
2022-09-29,Asia,SEARO,India,IN,4272,44583360,27,528611,NA,NA,NA,NA,NA,NA
2022-09-30,Asia,SEARO,India,IN,3947,44587307,18,528629,NA,NA,NA,NA,NA,NA
2022-10-01,Asia,SEARO,India,IN,3805,44591112,26,528655,NA,NA,NA,NA,NA,NA
2022-10-02,Asia,SEARO,India,IN,3375,44594487,18,528673,NA,NA,NA,NA,NA,NA
2022-10-03,Asia,SEARO,India,IN,3011,44597498,28,528701,NA,NA,NA,NA,NA,NA
2022-10-04,Asia,SEARO,India,IN,1968,44599466,15,528716,NA,NA,NA,NA,NA,NA
2022-10-05,Asia,SEARO,India,IN,2468,44601934,17,528733,NA,NA,NA,NA,NA,NA
2022-10-06,Asia,SEARO,India,IN,2529,44604463,12,528745,NA,NA,NA,NA,NA,NA
2022-10-07,Asia,SEARO,India,IN,1997,44606460,9,528754,NA,NA,NA,NA,NA,NA
2022-10-08,Asia,SEARO,India,IN,2797,44609257,24,528778,NA,NA,NA,NA,NA,NA
2022-10-09,Asia,SEARO,India,IN,2756,44612013,21,528799,NA,NA,NA,NA,NA,NA
2022-10-10,Asia,SEARO,India,IN,2424,44614437,15,528814,NA,NA,NA,NA,NA,NA
2022-10-11,Asia,SEARO,India,IN,1957,44616394,8,528822,NA,NA,NA,NA,NA,NA
2022-10-12,Asia,SEARO,India,IN,2139,44618533,13,528835,NA,NA,NA,NA,NA,NA
2022-10-13,Asia,SEARO,India,IN,2786,44621319,12,528847,NA,NA,NA,NA,NA,NA
2022-10-14,Asia,SEARO,India,IN,2678,44623997,10,528857,NA,NA,NA,NA,NA,NA
2022-10-15,Asia,SEARO,India,IN,2430,44626427,17,528874,NA,NA,NA,NA,NA,NA
2022-10-16,Asia,SEARO,India,IN,2401,44628828,21,528895,NA,NA,NA,NA,NA,NA
2022-10-17,Asia,SEARO,India,IN,2060,44630888,10,528905,NA,NA,NA,NA,NA,NA
2022-10-18,Asia,SEARO,India,IN,1542,44632430,8,528913,NA,NA,NA,NA,NA,NA
2022-10-19,Asia,SEARO,India,IN,1946,44634376,10,528923,NA,NA,NA,NA,NA,NA
2022-10-20,Asia,SEARO,India,IN,2141,44636517,20,528943,NA,NA,NA,NA,NA,NA
2022-10-21,Asia,SEARO,India,IN,2119,44638636,10,528953,NA,NA,NA,NA,NA,NA
2022-10-22,Asia,SEARO,India,IN,2112,44640748,4,528957,NA,NA,NA,NA,NA,NA
2022-10-23,Asia,SEARO,India,IN,1994,44642742,4,528961,NA,NA,NA,NA,NA,NA
2022-10-24,Asia,SEARO,India,IN,1334,44644076,16,528977,NA,NA,NA,NA,NA,NA
2022-10-25,Asia,SEARO,India,IN,862,44644938,3,528980,NA,NA,NA,NA,NA,NA
2022-10-26,Asia,SEARO,India,IN,830,44645768,1,528981,NA,NA,NA,NA,NA,NA
2022-10-27,Asia,SEARO,India,IN,1112,44646880,6,528987,NA,NA,NA,NA,NA,NA
2022-10-28,Asia,SEARO,India,IN,2208,44649088,12,528999,NA,NA,NA,NA,NA,NA
2022-10-29,Asia,SEARO,India,IN,1574,44650662,9,529008,NA,NA,NA,NA,NA,NA
2022-10-30,Asia,SEARO,India,IN,1604,44652266,8,529016,NA,NA,NA,NA,NA,NA
2022-10-31,Asia,SEARO,India,IN,1326,44653592,8,529024,NA,NA,NA,NA,NA,NA
2022-11-01,Asia,SEARO,India,IN,1046,44654638,53,529077,NA,NA,NA,NA,NA,NA
2022-11-02,Asia,SEARO,India,IN,1190,44655828,1375,530452,NA,NA,NA,NA,NA,NA
2022-11-03,Asia,SEARO,India,IN,1321,44657149,9,530461,NA,NA,NA,NA,NA,NA
2022-11-04,Asia,SEARO,India,IN,1216,44658365,18,530479,NA,NA,NA,NA,NA,NA
2022-11-05,Asia,SEARO,India,IN,1082,44659447,7,530486,NA,NA,NA,NA,NA,NA
2022-11-06,Asia,SEARO,India,IN,1132,44660579,14,530500,NA,NA,NA,NA,NA,NA
2022-11-07,Asia,SEARO,India,IN,937,44661516,9,530509,NA,NA,NA,NA,NA,NA
2022-11-08,Asia,SEARO,India,IN,625,44662141,0,530509,NA,NA,NA,NA,NA,NA
2022-11-09,Asia,SEARO,India,IN,811,44662952,2,530511,NA,NA,NA,NA,NA,NA
2022-11-10,Asia,SEARO,India,IN,1016,44663968,3,530514,NA,NA,NA,NA,NA,NA
2022-11-11,Asia,SEARO,India,IN,842,44664810,6,530520,NA,NA,NA,NA,NA,NA
2022-11-12,Asia,SEARO,India,IN,833,44665643,8,530528,NA,NA,NA,NA,NA,NA
2022-11-13,Asia,SEARO,India,IN,734,44666377,3,530531,NA,NA,NA,NA,NA,NA
2022-11-14,Asia,SEARO,India,IN,547,44666924,1,530532,NA,NA,NA,NA,NA,NA
2022-11-15,Asia,SEARO,India,IN,0,44666175,1,530533,NA,NA,NA,NA,NA,NA
2022-11-16,Asia,SEARO,India,IN,501,44666676,2,530535,NA,NA,NA,NA,NA,NA
2022-11-17,Asia,SEARO,India,IN,635,44667311,11,530546,NA,NA,NA,NA,NA,NA
2022-11-18,Asia,SEARO,India,IN,656,44667967,7,530553,NA,NA,NA,NA,NA,NA
2022-11-19,Asia,SEARO,India,IN,556,44668523,17,530570,NA,NA,NA,NA,NA,NA
2022-11-20,Asia,SEARO,India,IN,492,44669015,4,530574,NA,NA,NA,NA,NA,NA
2022-11-21,Asia,SEARO,India,IN,406,44669421,12,530586,NA,NA,NA,NA,NA,NA
2022-11-22,Asia,SEARO,India,IN,294,44669715,5,530591,NA,NA,NA,NA,NA,NA
2022-11-23,Asia,SEARO,India,IN,360,44670075,5,530596,NA,NA,NA,NA,NA,NA
2022-11-24,Asia,SEARO,India,IN,408,44670483,5,530601,NA,NA,NA,NA,NA,NA
2022-11-25,Asia,SEARO,India,IN,347,44670830,3,530604,NA,NA,NA,NA,NA,NA
2022-11-26,Asia,SEARO,India,IN,389,44671219,4,530608,NA,NA,NA,NA,NA,NA
2022-11-27,Asia,SEARO,India,IN,343,44671562,4,530612,NA,NA,NA,NA,NA,NA
2022-11-28,Asia,SEARO,India,IN,291,44671853,2,530614,NA,NA,NA,NA,NA,NA
2022-11-29,Asia,SEARO,India,IN,215,44672068,1,530615,NA,NA,NA,NA,NA,NA
2022-11-30,Asia,SEARO,India,IN,279,44672347,5,530620,NA,NA,NA,NA,NA,NA
2022-12-01,Asia,SEARO,India,IN,291,44672638,2,530622,NA,NA,NA,NA,NA,NA
2022-12-02,Asia,SEARO,India,IN,275,44672913,2,530624,NA,NA,NA,NA,NA,NA
2022-12-03,Asia,SEARO,India,IN,253,44673166,3,530627,NA,NA,NA,NA,NA,NA
2022-12-04,Asia,SEARO,India,IN,226,44673392,1,530628,NA,NA,NA,NA,NA,NA
2022-12-05,Asia,SEARO,India,IN,226,44673618,2,530630,NA,NA,NA,NA,NA,NA
2022-12-06,Asia,SEARO,India,IN,165,44673783,3,530633,NA,NA,NA,NA,NA,NA
2022-12-07,Asia,SEARO,India,IN,166,44673949,5,530638,NA,NA,NA,NA,NA,NA
2022-12-08,Asia,SEARO,India,IN,241,44674190,9,530647,NA,NA,NA,NA,NA,NA
2022-12-09,Asia,SEARO,India,IN,249,44674439,6,530653,NA,NA,NA,NA,NA,NA
2022-12-10,Asia,SEARO,India,IN,210,44674649,1,530654,NA,NA,NA,NA,NA,NA
2022-12-11,Asia,SEARO,India,IN,173,44674822,4,530658,NA,NA,NA,NA,NA,NA
2022-12-12,Asia,SEARO,India,IN,159,44674981,0,530658,NA,NA,NA,NA,NA,NA
2022-12-13,Asia,SEARO,India,IN,114,44675095,0,530658,NA,NA,NA,NA,NA,NA
2022-12-14,Asia,SEARO,India,IN,152,44675247,0,530658,NA,NA,NA,NA,NA,NA
2022-12-15,Asia,SEARO,India,IN,200,44675447,5,530663,NA,NA,NA,NA,NA,NA
2022-12-16,Asia,SEARO,India,IN,162,44675609,0,530663,NA,NA,NA,NA,NA,NA
2022-12-17,Asia,SEARO,India,IN,167,44675776,4,530667,NA,NA,NA,NA,NA,NA
2022-12-18,Asia,SEARO,India,IN,176,44675952,5,530672,NA,NA,NA,NA,NA,NA
2022-12-19,Asia,SEARO,India,IN,135,44676087,2,530674,NA,NA,NA,NA,NA,NA
2022-12-20,Asia,SEARO,India,IN,112,44676199,3,530677,NA,NA,NA,NA,NA,NA
2022-12-21,Asia,SEARO,India,IN,131,44676330,3,530680,NA,NA,NA,NA,NA,NA
2022-12-22,Asia,SEARO,India,IN,185,44676515,1,530681,NA,NA,NA,NA,NA,NA
2022-12-23,Asia,SEARO,India,IN,163,44676678,9,530690,NA,NA,NA,NA,NA,NA
2022-12-24,Asia,SEARO,India,IN,201,44676879,1,530691,NA,NA,NA,NA,NA,NA
2022-12-25,Asia,SEARO,India,IN,227,44677106,2,530693,NA,NA,NA,NA,NA,NA
2022-12-26,Asia,SEARO,India,IN,196,44677302,2,530695,NA,NA,NA,NA,NA,NA
2022-12-27,Asia,SEARO,India,IN,157,44677459,1,530696,NA,NA,NA,NA,NA,NA
2022-12-28,Asia,SEARO,India,IN,188,44677647,0,530696,NA,NA,NA,NA,NA,NA
2022-12-29,Asia,SEARO,India,IN,268,44677915,2,530698,NA,NA,NA,NA,NA,NA
2022-12-30,Asia,SEARO,India,IN,243,44678158,1,530699,NA,NA,NA,NA,NA,NA
2022-12-31,Asia,SEARO,India,IN,226,44678384,3,530702,NA,NA,NA,NA,NA,NA
2023-01-01,Asia,SEARO,India,IN,265,44678649,3,530705,NA,NA,NA,NA,NA,NA
2023-01-02,Asia,SEARO,India,IN,173,44678822,2,530707,NA,NA,NA,NA,NA,NA
2023-01-03,Asia,SEARO,India,IN,134,44678956,0,530707,NA,NA,NA,NA,NA,NA
2023-01-04,Asia,SEARO,India,IN,175,44679131,0,530707,NA,NA,NA,NA,NA,NA
2023-01-05,Asia,SEARO,India,IN,188,44679319,3,530710,NA,NA,NA,NA,NA,NA
2023-01-06,Asia,SEARO,India,IN,228,44679547,4,530714,NA,NA,NA,NA,NA,NA
2023-01-07,Asia,SEARO,India,IN,214,44679761,4,530718,NA,NA,NA,NA,NA,NA
2023-01-08,Asia,SEARO,India,IN,163,44679924,2,530720,NA,NA,NA,NA,NA,NA
2023-01-09,Asia,SEARO,India,IN,170,44680094,1,530721,NA,NA,NA,NA,NA,NA
2023-01-10,Asia,SEARO,India,IN,121,44680215,1,530722,NA,NA,NA,NA,NA,NA
2023-01-11,Asia,SEARO,India,IN,171,44680386,0,530722,NA,NA,NA,NA,NA,NA
2023-01-12,Asia,SEARO,India,IN,197,44680583,1,530723,NA,NA,NA,NA,NA,NA
2023-01-13,Asia,SEARO,India,IN,174,44680757,2,530725,NA,NA,NA,NA,NA,NA
2023-01-14,Asia,SEARO,India,IN,179,44680936,1,530726,NA,NA,NA,NA,NA,NA
2023-01-15,Asia,SEARO,India,IN,104,44681040,0,530726,NA,NA,NA,NA,NA,NA
2023-01-16,Asia,SEARO,India,IN,114,44681154,0,530726,NA,NA,NA,NA,NA,NA
2023-01-17,Asia,SEARO,India,IN,79,44681233,0,530726,NA,NA,NA,NA,NA,NA
2023-01-18,Asia,SEARO,India,IN,138,44681371,2,530728,NA,NA,NA,NA,NA,NA
2023-01-19,Asia,SEARO,India,IN,134,44681505,0,530728,NA,NA,NA,NA,NA,NA
2023-01-20,Asia,SEARO,India,IN,145,44681650,0,530728,NA,NA,NA,NA,NA,NA
2023-01-21,Asia,SEARO,India,IN,131,44681781,2,530730,NA,NA,NA,NA,NA,NA
2023-01-22,Asia,SEARO,India,IN,140,44681921,3,530733,NA,NA,NA,NA,NA,NA
2023-01-23,Asia,SEARO,India,IN,94,44682015,2,530735,NA,NA,NA,NA,NA,NA
2023-01-24,Asia,SEARO,India,IN,89,44682104,2,530737,NA,NA,NA,NA,NA,NA
2023-01-25,Asia,SEARO,India,IN,102,44682206,0,530737,NA,NA,NA,NA,NA,NA
2023-01-26,Asia,SEARO,India,IN,132,44682338,1,530738,NA,NA,NA,NA,NA,NA
2023-01-27,Asia,SEARO,India,IN,99,44682437,1,530739,NA,NA,NA,NA,NA,NA
2023-01-28,Asia,SEARO,India,IN,93,44682530,0,530739,NA,NA,NA,NA,NA,NA
2023-01-29,Asia,SEARO,India,IN,109,44682639,1,530740,NA,NA,NA,NA,NA,NA
2023-01-30,Asia,SEARO,India,IN,80,44682719,0,530740,NA,NA,NA,NA,NA,NA
2023-01-31,Asia,SEARO,India,IN,65,44682784,0,530740,NA,NA,NA,NA,NA,NA
2023-02-01,Asia,SEARO,India,IN,111,44682895,0,530740,NA,NA,NA,NA,NA,NA
2023-02-02,Asia,SEARO,India,IN,128,44683023,1,530741,NA,NA,NA,NA,NA,NA
2023-02-03,Asia,SEARO,India,IN,99,44683122,0,530741,NA,NA,NA,NA,NA,NA
2023-02-04,Asia,SEARO,India,IN,128,44683250,0,530741,NA,NA,NA,NA,NA,NA
2023-02-05,Asia,SEARO,India,IN,113,44683363,4,530745,NA,NA,NA,NA,NA,NA
2023-02-06,Asia,SEARO,India,IN,91,44683454,0,530745,NA,NA,NA,NA,NA,NA
2023-02-07,Asia,SEARO,India,IN,89,44683543,0,530745,NA,NA,NA,NA,NA,NA
2023-02-08,Asia,SEARO,India,IN,96,44683639,1,530746,NA,NA,NA,NA,NA,NA
2023-02-09,Asia,SEARO,India,IN,109,44683748,2,530748,NA,NA,NA,NA,NA,NA
2023-02-10,Asia,SEARO,India,IN,114,44683862,2,530750,NA,NA,NA,NA,NA,NA
2023-02-11,Asia,SEARO,India,IN,132,44683994,0,530750,NA,NA,NA,NA,NA,NA
2023-02-12,Asia,SEARO,India,IN,124,44684118,0,530750,NA,NA,NA,NA,NA,NA
2023-02-13,Asia,SEARO,India,IN,79,44684197,0,530750,NA,NA,NA,NA,NA,NA
2023-02-14,Asia,SEARO,India,IN,77,44684274,3,530753,NA,NA,NA,NA,NA,NA
2023-02-15,Asia,SEARO,India,IN,102,44684376,3,530756,NA,NA,NA,NA,NA,NA
2023-02-16,Asia,SEARO,India,IN,126,44684502,1,530757,NA,NA,NA,NA,NA,NA
2023-02-17,Asia,SEARO,India,IN,156,44684658,0,530757,NA,NA,NA,NA,NA,NA
2023-02-18,Asia,SEARO,India,IN,117,44684775,0,530757,NA,NA,NA,NA,NA,NA
2023-02-19,Asia,SEARO,India,IN,142,44684917,3,530760,NA,NA,NA,NA,NA,NA
2023-02-20,Asia,SEARO,India,IN,120,44685037,1,530761,NA,NA,NA,NA,NA,NA
2023-02-21,Asia,SEARO,India,IN,95,44685132,0,530761,NA,NA,NA,NA,NA,NA
2023-02-22,Asia,SEARO,India,IN,125,44685257,1,530762,NA,NA,NA,NA,NA,NA
2023-02-23,Asia,SEARO,India,IN,193,44685450,1,530763,NA,NA,NA,NA,NA,NA
2023-02-24,Asia,SEARO,India,IN,169,44685619,1,530764,NA,NA,NA,NA,NA,NA
2023-02-25,Asia,SEARO,India,IN,180,44685799,0,530764,NA,NA,NA,NA,NA,NA
2023-02-26,Asia,SEARO,India,IN,218,44686017,5,530769,NA,NA,NA,NA,NA,NA
2023-02-27,Asia,SEARO,India,IN,185,44686202,1,530770,NA,NA,NA,NA,NA,NA
2023-02-28,Asia,SEARO,India,IN,169,44686371,1,530771,NA,NA,NA,NA,NA,NA
2023-03-01,Asia,SEARO,India,IN,240,44686611,1,530772,NA,NA,NA,NA,NA,NA
2023-03-02,Asia,SEARO,India,IN,268,44686879,0,530772,NA,NA,NA,NA,NA,NA
2023-03-03,Asia,SEARO,India,IN,283,44687162,0,530772,NA,NA,NA,NA,NA,NA
2023-03-04,Asia,SEARO,India,IN,334,44687496,3,530775,NA,NA,NA,NA,NA,NA
2023-03-05,Asia,SEARO,India,IN,324,44687820,0,530775,NA,NA,NA,NA,NA,NA
2023-03-06,Asia,SEARO,India,IN,281,44688101,0,530775,NA,NA,NA,NA,NA,NA
2023-03-07,Asia,SEARO,India,IN,266,44688367,0,530775,NA,NA,NA,NA,NA,NA
2023-03-08,Asia,SEARO,India,IN,326,44688693,0,530775,NA,NA,NA,NA,NA,NA
2023-03-09,Asia,SEARO,India,IN,379,44689072,1,530776,NA,NA,NA,NA,NA,NA
2023-03-10,Asia,SEARO,India,IN,440,44689512,3,530779,NA,NA,NA,NA,NA,NA
2023-03-11,Asia,SEARO,India,IN,456,44689968,1,530780,NA,NA,NA,NA,NA,NA
2023-03-12,Asia,SEARO,India,IN,524,44690492,1,530781,NA,NA,NA,NA,NA,NA
2023-03-13,Asia,SEARO,India,IN,444,44690936,1,530782,NA,NA,NA,NA,NA,NA
2023-03-14,Asia,SEARO,India,IN,402,44691338,2,530784,NA,NA,NA,NA,NA,NA
2023-03-15,Asia,SEARO,India,IN,618,44691956,5,530789,NA,NA,NA,NA,NA,NA
2023-03-16,Asia,SEARO,India,IN,754,44692710,1,530790,NA,NA,NA,NA,NA,NA
2023-03-17,Asia,SEARO,India,IN,796,44693506,5,530795,NA,NA,NA,NA,NA,NA
2023-03-18,Asia,SEARO,India,IN,843,44694349,4,530799,NA,NA,NA,NA,NA,NA
2023-03-19,Asia,SEARO,India,IN,1071,44695420,3,530802,NA,NA,NA,NA,NA,NA
2023-03-20,Asia,SEARO,India,IN,918,44696338,4,530806,NA,NA,NA,NA,NA,NA
2023-03-21,Asia,SEARO,India,IN,646,44696984,2,530808,NA,NA,NA,NA,NA,NA
2023-03-22,Asia,SEARO,India,IN,1134,44698118,5,530813,NA,NA,NA,NA,NA,NA
2023-03-23,Asia,SEARO,India,IN,1300,44699418,3,530816,NA,NA,NA,NA,NA,NA
2023-03-24,Asia,SEARO,India,IN,1249,44700667,2,530818,NA,NA,NA,NA,NA,NA
2023-03-25,Asia,SEARO,India,IN,1590,44702257,6,530824,NA,NA,NA,NA,NA,NA
2023-03-26,Asia,SEARO,India,IN,1890,44704147,7,530831,NA,NA,NA,NA,NA,NA
2023-03-27,Asia,SEARO,India,IN,1805,44705952,6,530837,NA,NA,NA,NA,NA,NA
2023-03-28,Asia,SEARO,India,IN,1573,44707525,4,530841,NA,NA,NA,NA,NA,NA
2023-03-29,Asia,SEARO,India,IN,2151,44709676,7,530848,NA,NA,NA,NA,NA,NA
2023-03-30,Asia,SEARO,India,IN,3016,44712692,14,530862,NA,NA,NA,NA,NA,NA
2023-03-31,Asia,SEARO,India,IN,3094,44715786,5,530867,NA,NA,NA,NA,NA,NA
2023-04-01,Asia,SEARO,India,IN,2995,44718781,9,530876,NA,NA,NA,NA,NA,NA
2023-04-02,Asia,SEARO,India,IN,3824,44722605,5,530881,NA,NA,NA,NA,NA,NA
2023-04-03,Asia,SEARO,India,IN,3641,44726246,11,530892,NA,NA,NA,NA,NA,NA
2023-04-04,Asia,SEARO,India,IN,3038,44729284,9,530901,NA,NA,NA,NA,NA,NA
2023-04-05,Asia,SEARO,India,IN,0,44729284,0,530901,NA,NA,NA,NA,NA,NA
2023-04-06,Asia,SEARO,India,IN,0,44729284,0,530901,NA,NA,NA,NA,NA,NA
